	entities.hashtags.0.text	entities.hashtags.1.text	retweet_count	text
3			0.0	I
4			0.0	SO EXCITED FOR TONIGHT MY DAD AROUND WAITING FOR X FACTOR TO COME ON SO LAME SO SORRY
6			0.0	Me pagan karate de
7			0.0	YES x I tell much important
8			0.0	Mi define mi soy
9			0.0	Ni en para la sale arriba de la bikini
10	half	tb	0.0	nu met met thee ens half back
12			0.0	Can go launch already
13			0.0	Top Best Gangster Past struggling make It
14			0.0	Cheap Color Change Test Could Revolutionize Detection Care
15			0.0	My suddenly
16			0.0	A las te das son para ti
17			0.0	Wind W Barometer Steady Temperature C Rain today Humidity
18			0.0	link
19			0.0	I go ahead smile
21			0.0	tu ami
22			0.0	es
23			0.0	news feed everyone ask see stupid mine say
24			0.0	given idea birthday card
26	GYM		0.0	GYM suave
27			0.0	I OFFICE
28			0.0	I
29			0.0	Twitter
30			0.0	Lo
31			0.0	I u
32			0.0	speech van Gent nog
33	beach		0.0	Throwback favorite place beach missing
34	follow	s	0.0	dont afraid follow
35			0.0	da x ea
36			0.0	lo ya fin se la con en la
37			0.0	te la las con calor
38	tuiteumfilmecomcouveflor		35.0	Potter e
39			5.0	Dit zo
41			1.0	Moral story set may get least say first
42			1.0	Con mi
43			0.0	My part Thanksgiving
44			1.0	La en un soy el amor de
45			1.0	Musical Con la de
46			1.0	study stud st slee sleep
47			0.0	te
49			1.0	O e
50			0.0	Do realize many could people would take time take dirt
51			0.0	Never knew funny ALWAY quite I saw East Side
52			0.0	Si No te No Es No Si No No Te c
53	CosasQNoComprendo		0.0	Mi dice q soy mal
55			0.0	es te
56			0.0	de Hoy es el de es se de
58			0.0	q de comer
60	egenföretagare		0.0	En vara och
61			0.0	la te te te La
62			0.0	boa para se na piscina
63			0.0	sou em
68	applejp		0.0	Galaxy
69	commercialdrive	local	0.0	Our gallery right heart come say hello Doctor Art Gallery Commercial Drive local
70			0.0	Super un fiasco I di Super la sera Novem
72			0.0	mad
74			0.0	Lo Yo En Mi
75			0.0	knock knock Who bathroom Me Who I EXACTLY WHAT MY MUM
76			0.0	Hora Orange Chicken
80			0.0	um
83			0.0	I yet achieve level purity I working tho
84			0.0	tu sur tu ton trajet
85			0.0	se con swag
86			0.0	result la tu D aku check
87			0.0	I make soul soothing tea watch
88			0.0	Si lo te
89			0.0	Is impression
91			0.0	These dirty people sad thing didnt realize dirty
92			0.0	The rule world
93			0.0	yes girl My
94			0.0	e para
95			0.0	Yap
98			0.0	I hooked And Buffalo Wild
100			0.0	lo de
101			1715.0	te Lo te de
102	hospital		0.0	Not I pictured night hospital
104			1.0	Ca elle dire un elle dit
105			32.0	HET BENT
109			1.0	Some people live drama
112			0.0	mu mi
113			0.0	gay
114			0.0	Mil
115	gtst		0.0	Bing de joint
116			0.0	get half leave half S S
117			0.0	Soon Time Change Twitter
118			0.0	na aula Bob
119			0.0	con D
120			0.0	This mailman truck sidewalk
124			0.0	Con tu de mi la persona
125			0.0	n de e
126			0.0	Te
127			0.0	lad stuff like Am pub
128	Media	Law	0.0	New Copyright Act Becomes Law In Part Media Law
130			0.0	mon amour
131			0.0	el aire el si tu mi amor
133			0.0	heel erg ugh
135			0.0	amor
136			0.0	ready well Ready Turkey oh never mind It warmed nicely pants
137			0.0	tu en par el de D para el
138			0.0	de
139			0.0	es lo echo S
140	Antártida		0.0	mas de la de
141			0.0	Las son las de para
142	acoustic	shows	0.0	Set List acoustic
145			0.0	GET FREE
146			0.0	Join marijuana movement joint effort
148			13.0	La
151			3.0	New Album Salaam Out Now via
153			14.0	smoke detector really loud annoying
154			0.0	This ass ready
157			0.0	das
158			0.0	D
159			0.0	Hi Lucy I Swiss big big fan I LOVE YOU SO MUCH Please follow
160			0.0	exactly
161	bollywood		0.0	impact News Corp earnings
164			0.0	gin
165	LaPrimeraCanciónQueEscuchéDe		0.0	La H
166			0.0	cute
168			0.0	Is anywhere fun exciting
170			0.0	I school hockey
171			0.0	I hungry
172	iPad	iPadGames	0.0	I new level Help save Mirror World
174			0.0	ugh wha
175			0.0	I said Not
176			0.0	wat thinking
177			0.0	non che Non di solo
178	IAN1		0.0	LOADED WITH Daisy via Study may struggle
179			0.0	loka
180			0.0	yes dey like north face
181			0.0	na
183			0.0	Dit zo
184			0.0	The world next month Everyone show random act kindness today The world needs heal
185			0.0	O ga na u grad
188			0.0	Perfect night clearly subjective thing
190			0.0	I one
192			1.0	Believe run back thing dream fear
193	Federer	FinalShowdown	420.0	place th time beating Group B
194			0.0	j wave
196			0.0	ne b
197			0.0	con
198			1.0	You say take ride Get
200			3.0	This Club w party miss
202	RT		0.0	COME HO DA FAR DI E SE MI
203			0.0	Found twin
206	RT		1.0	PERSONA DI FOLLOWER COME CON E TE
207	Truuuuu	2Chainz	0.0	HAVE
209			0.0	got junk trunk I car
210			0.0	Harvest
212			0.0	Me era de nose si
213			0.0	The ARE THEY HAVE TO RAISE ON ALL OF US THE ELECTION IS OVER
215			0.0	E HO L ORA DI E LA PROF MI HA
219			0.0	I deal
221			0.0	got done producer told time get back yo music
222			0.0	em
223			0.0	Hay Mas Y
224			0.0	En un examen final mi No de en
226	NotToday		0.0	Someday pizza catch
228			0.0	yawn
230			0.0	set release new album Black Waltz th set
231			0.0	since really outside I guess I work homework assignment
232			0.0	tu x
233			0.0	gens j pour ce c vampire
234			0.0	Photo
235			0.0	hoe doe
236			0.0	Lo Es las Hoy Son Para Mi
237			0.0	Multiple Web Site Design
238			0.0	sweer
239			0.0	la lo
242			0.0	go
243	Alexa		0.0	Dice es para
244			0.0	wish right
245			0.0	amor e te de
248			0.0	sorry
249			0.0	SI O NO A SI NO YO EN EL CINE
250			0.0	het
251	ournightinpictures		0.0	funny love
252			773.0	das os
253			317.0	se Lo te YO ES ME EN TU
254			0.0	Eu e
256			0.0	Y obviously know real
257			0.0	di S di di
258			0.0	mola
259	totidy	messthatshitup	0.0	Your going heart attack see freezer
261			0.0	Make blue pop taupe tan auburn colors use mocha colored liner make even color
263			0.0	All I I become All I I done How far I reach yet I unfinished product
264			0.0	Yesterday happy
266			0.0	FONT FAMOUS live
267			0.0	Do want Follow everyone gain
268			0.0	en tu es tu
269			0.0	met
271			36.0	All Sons amazing
273			14.0	constant accessible patient
274			55.0	No made corruption scandal Republic Help us bring news
275	Follow	Him	0.0	S new twitter Follow Him Ladies
276			0.0	UN
277			0.0	prendre en photo SCRAT de ICE AGE ce de h h
278			67.0	detective se un Con cuerda
279			0.0	Y weak sucking dick
280			0.0	I really need nap right
281			0.0	think know Y know
284			0.0	de
285			0.0	os e
286			0.0	Am
290			0.0	Another one dust
291			0.0	BRAND NEW BIG BANG COMING
292	multibusqueda		0.0	service client
293			0.0	taxi pop
294	SageAlert		0.0	Primary Now Watching Animal Fighting
297			0.0	Estado e Dom Pedro parado parado
299			0.0	My school SUCK
301			0.0	She looking like bag money
302	Tragic		0.0	come till tho Tragic
303	Crack	Chalon	0.0	es de mas de Crack Chalon
305			0.0	Un te es de es de
306			0.0	Watched Gilbert Grape What stunning performance
308			0.0	Last laughter kartel
310			0.0	de un venezolano Me dar un Claro El el
312			0.0	c
313	reis	later	0.0	de reis later pier hotel
314			0.0	chi
315	tbt	summer	0.0	waking morning summer
316			0.0	Celebrate stout day drinking local Bo n Luke Imperial Stout tap
317			0.0	q el ket
319			0.0	I though
320			0.0	That low settlement
321			0.0	con
322			0.0	Why
323			3864.0	bring sexy back Find lingerie
324			0.0	te al Sol
325			1338.0	se Lo te YO ES ME EN TU PUT
326			0.0	About hop shower
328			1.0	Thats My Ex Wife
329	WorstSentences		0.0	Let Just Be
332			0.0	ill everyone
334			0.0	commentary difficult
336			616.0	I kind miss everything time last year
341			0.0	Y
342			0.0	Kai dis gurl get join
343	buswankers		0.0	Never get bus wen school I clearly pregnant yet wall
344			0.0	Cheap Icicle Floor Lamp On sale
345			0.0	Ya
346			0.0	Bronze Twist Earring Comment Sold purchase register
350			0.0	I posted new photo
351			0.0	fatigue
354	philanthropy	nonprofit	0.0	M Challenge philanthropy nonprofit
355			0.0	Photo
357	easilypersuaded		0.0	I always moan liquid envy still end getting going
358			0.0	Zodiac Winner We answer one psychic Q free Click profile link claim Code
359			0.0	know
360			0.0	whats tweet Yesterday
361	angels		0.0	Can wait see Secret show
362			0.0	I waiting I leaving
365			0.0	SEND ME FOR A HEADER
367			0.0	de el de mi antes
368	id2012		0.0	speaking Identity founder id
369	tcot	GOP	0.0	No moderate Republican lost seat All got ass How dumb refuse see problem
371			0.0	Totally love chapter get feeling I swooning bit
372	job	jobs	0.0	Quality Engineer Intern Job Job Fort Worth job engineer engineering Fort Worth
373			0.0	tan para rio
374			0.0	Carga de Hasta el con en
375			0.0	yo el P
376			0.0	de solo lo se sabe de persona normal te
377			0.0	yo mas
379			0.0	Es man con yo
380			0.0	si la Me gusto D
381			0.0	mal al se de
382	addseguidores		0.0	site para
384			0.0	I posted new photo
385			0.0	Time Silver Bullet
386			0.0	host one
387			0.0	siesta te culpa
388			0.0	na
389			0.0	work I cum cuddle I forgot bout Willy
390			3.0	WENT TO THE MOON
391			209.0	Diarrhea hereditary jeans
392			1.0	Hay se
393			265.0	concrete jungle
394			1.0	El lo llama examen multiple choice Yo lo
395			1.0	sur Twitter via
404			0.0	Splash
408			0.0	Bake pop sac
410			0.0	stupid wee craw
411			0.0	Today th Presentation
412			0.0	la
414	TechN9ne		0.0	Happy birthday
415			0.0	IT S SO BRIGHT
416	bestdayever		0.0	much
417			0.0	ide na
418			0.0	public de la
419			0.0	Good morning We going run another giveaway VERY soon Please share page
420			0.0	pure laziness I tend
422			0.0	That awkward moment realize IE support attribute form
423			0.0	waar dan
424			0.0	hey pal sorry I make last night close birthday Have decent turn
426			0.0	STOP
427			0.0	needs cheer Her smile th period depressing
428			0.0	S O new
429			0.0	eu na agora e se eu
430			0.0	Off get better birthday
431	RulesOfBusiness		0.0	Respect hard earn easy lose
432			0.0	fresco en
433			0.0	de de de amor
434			0.0	eu fique de mim
435			0.0	Theme Tune The World Was A Mess But His Hair Was Perfect
436			2.0	tu ta
439			0.0	de
440			2.0	A flexible resilient way configure g authenticate Active Directory
441			2.0	No de de lo en la dice el de
442			1.0	es es amor ser
443			13.0	dice es la ser
445			1.0	somebody
446			2.0	No
450	Mcmaster	unpaidpromo	0.0	Cheap healthy All fresh produce away
451	contractors	construction	0.0	YES We Live Chat account construction roofing
453			0.0	You gorgeous x Aw thanks x
455			0.0	switch entire attitude back way used
458			0.0	Me un bon bon
463			0.0	So much homework tonight
464			0.0	You go worst get best
466			0.0	go back
467			0.0	Those Black silver mean business ya got history sneaker sorry
469			0.0	Woke one home
470			0.0	Yo en el No q el
471			0.0	Fell asleep science went home quarter past cause I tired
474			0.0	de D
475			0.0	Where
476			0.0	oh god
478			0.0	die young
479			0.0	writing getting ready next fishing
481			0.0	Mac n Cheese back
482			0.0	know even drink anything
483			0.0	hell
484			0.0	To pro eu
485			0.0	miss da morning Wat gud way start Morning cant wait
487			0.0	It good
488	ThingsMyDaddyTaughtMe		2.0	never snitch
490			84.0	Play people
491	delicious		2.0	Peppermint swirl shake delicious
492			0.0	A la
493			52.0	Some better left unsaid
494			0.0	excited P else coming
497			29.0	Sag men never mad long tho They jump window hurt come back normal like
498			1.0	PLAID SHIRT C SHOW
499			1.0	E MAN EU EU TOO MOLE NA
501			1.0	When I find people name
502			312.0	SO MANY IN MY MOUTH
504			0.0	Nak follow
505			0.0	un ultimo
506			0.0	Aku baru blackout
508			0.0	en stand
509			0.0	I never ashamed quit shy
511			0.0	Un se
512			0.0	te e te
514			0.0	Summer high school first met
515	B		0.0	B
516	FeriaelectrodomésticosBancamérica		0.0	el las te
517			0.0	Post sexy shirtless new
518			0.0	q
519			0.0	love princess
520			0.0	Who Snap
521			0.0	ill warn coming coming
523			0.0	Stop acting
525			0.0	mi ha di fare un di canto lei
526			0.0	La es el amor hay sea
528			0.0	Hello I fan Russia I fan
529			0.0	Full pott
530			0.0	amazing
531			0.0	de Digital en la
532			0.0	Twitter os de
533			0.0	gue bang
534			0.0	la
535			0.0	Spending day brother town
536			0.0	Just set background phone
537			503.0	solo
540			0.0	different everything else
541			0.0	always look bewildered indeed darling x
543			584.0	You hate even know How cute
544			527.0	meio da da
545			0.0	Success strange since failure
546	sandysabitch	thirstythursday	1.0	Hurricane Relief Party TONIGHT Portside Click
547			28.0	CHAIN
548			0.0	da
549			1.0	Masa track Is We ate hearts drank
550	CNP		0.0	de de la junta en
551			1.0	D
553			71.0	hope enjoying new album much hearing nonstop next month
556			0.0	phone anyone pin give message hungry bring toast
557			0.0	worst day life
558			0.0	nous guide P D R G COMING SOON
559			0.0	No
560			0.0	Me Hey I met Stranger away Me Now somebody I used know
561	discount	coupon	0.0	Clothes Fashion Get discount coupon
562			0.0	Go athletic
563	Tecnologia		0.0	con
565			0.0	em de Mas de e e
567			0.0	He seriously say Yeah buddy
568			0.0	first time week I fully sober Someone get drink
569			0.0	Money monthly coaching sessions ultimate step step formula
570	tryingtobehome		0.0	Can wait weekend
571	getexcited	cantwait	0.0	WE GET TO HEAR LITTLE FOR THE FIRST TIME TONIGHT
573			0.0	New big warm sweater much one grandmother knit I little girl Wood buttons
574			0.0	I Bye
575			0.0	x
577	firstforeverything		0.0	People take breath away wow
578			0.0	Follow Please
580			0.0	bater em ask
583			0.0	Of course c un ce
584			0.0	tot morgen
585			0.0	Ultimate Party Bus CALL fall also check
586			1150.0	A
588			124.0	I automatically say something wrong
589			709.0	Doing right thing rarely convenient
591			64.0	I got start O end
592			456.0	Sitting park bench little bad intent
593	sixone		1.0	government referendum information hence clue
594			0.0	I took fire could catch
596			1.0	hasta
597			0.0	de mi coup de pression mi psychologue
599			157.0	Sex Violence anthem
602			1.0	We making new Brown video near We want
603	TENSIONEEVOLUTIVA		20.0	quasi Che la con te
604			0.0	kalo gratis
606	julieth		0.0	Mi prima en el
607			0.0	con
608			0.0	Ya lo ser
609	economy		0.0	win remains bearish economy
610			0.0	I keep forgetting though still baby Only
612			0.0	lo el lo yo
613	LPDA		0.0	de dos en el
614			0.0	ViRuS
615			0.0	Hot New Print Now Before They Gone These make great may last long
616			0.0	Like Us For More Funny Stuff
618			0.0	A PARA O
619			0.0	con el
620			0.0	um dos R Use e
621			0.0	No
622	management	Weatherhead	0.0	What sort management Weatherhead provide
623			0.0	I randomly insert profanity meal I sandwich coke
625			0.0	agama
626			0.0	got ALL people
627			0.0	Me prince goes
629			0.0	Who I via
630			0.0	D
632			0.0	I know eh What offer
633	haircut	jerseystrong	0.0	I know really good barber haircut
635			0.0	se sair de
636			0.0	I bet want dance I Understand
637			0.0	GET FREE
638			1.0	se eu eu eu sou per mim
639	ilsorrisodikilla		7.0	Ah ho visto che nei di super smile per
641			299.0	FREEDOM officially
642			1.0	Check like support Men Health pic
643			417.0	te un
644			1.0	Rise occasion
645			0.0	Gather Guest Demographic Information Direct Marketing Antique
646			1.0	nome
647			0.0	Ana dale
648			11.0	Record number commit public self show opposition rule
654			0.0	You took virginity I sorry sir It happen
656			0.0	de q em
657			0.0	se chamar Verine tiver de Verine
659			0.0	saber nome banda sabe se
661			0.0	jo lek lo
662			0.0	Polo type day
663			0.0	People ANYTHING attention
665			0.0	Go Down B Tony
666			0.0	right thing Conservatism
667			0.0	thanks bad lose love
671	quote		0.0	bowie What sow hearts season happiness reap winter quote
673			0.0	Red wine fed time
674			0.0	para
675			0.0	worried rent us win home game
676			0.0	What loss Rip Star Player Mother In A Car Accident
677	organic	exfoliator	0.0	Our retailer Kanga testing fabric organic skin conditioner similar
678			0.0	I see one live city area whole life I
679			0.0	Huh
680			0.0	Hit chat
681	ASunXC		0.0	Can wait see Regional tomorrow Good luck everyone running
682			0.0	Drug Money Buy u u want
683			0.0	hi Hi anonymous
686			0.0	super dope tonight show STOP Y ME EXCITED
687	YoungMoney	Squad	0.0	know Squad Dank Loud Blaze Toke
688			0.0	oh god sick sleeping alone I M ALWAYS AVAILABLE THOUGH
689			0.0	Thanks yeah bunch stuff match
691			0.0	friendly suggestion
692			0.0	ha
693			0.0	enjoy
694	TodoFãDeTVD		55.0	da previously vampire
695			0.0	el C el mas perfecto
697			0.0	This guy beat Their defense stop nosebleed
698			0.0	Building Trust Being Authentic
699	14N		53.0	N
700			2.0	es Y lo
702	G		492.0	competition time message chance winning courtesy G
704	theAG	fetish	0.0	resist anything fetish
707			0.0	er
713			0.0	I ONLY WIT VERY FEW
714			0.0	Father son Kyle first time SIX DAYS LATER learned b
715			0.0	de mal mu de en el es la de
716			0.0	em de
717			0.0	ara
719			0.0	de demi finale pour Roger Matin Swiss
720			0.0	people people unfollowed automatically checked
721			0.0	Teacher good Me Teacher What bad Me start
722			0.0	rite ass need beat
723	Loveher		0.0	My
724			0.0	Working grocery store I see lot wealthy people food That right
725			0.0	mi dado se ti
726			0.0	la lo es la
728			0.0	el de la dice
729	pukerainbows		0.0	es
731			0.0	I like
732			0.0	wat
733	EsmeraldaS		0.0	en la mal EN LA k
735			0.0	LO ES DE NO SE DE
736			0.0	de se
737			0.0	right You know
738			0.0	hey u give follow
739			0.0	Weed Everywhere
740	closer		0.0	I beyond song closer
741			0.0	know true
742			0.0	mother Mitt The Yahoo News via
743			0.0	feeling never wrong far He n need
744	BAFact		51.0	Coincidentally Sun x bigger x farther away Moon making appear si
745			0.0	Acta AM Se
746			0.0	elle bien ta
747			0.0	tired
748			17.0	NOTE Mitt concession speech prepared tax return ready
749			4.0	de dit
750			6.0	od go bo
751			0.0	We rewind today check share How Properly Display
752			0.0	Se
754			311.0	THIS CAN T SUCK ITSELF
755			0.0	p penis
756			10.0	Live life take crazy Don wait cause right ever
757	QuieroLuzYLaQuieroYa	MeLaCortasHoyYMueroSinElAire	1.0	Se la
758	bladerunner		0.0	Y se las en la
759			0.0	lo pablo
760	justfellinlovewithdrbeen		0.0	Thank God smart doc put place son concerned
761			0.0	A
766			0.0	Mock Trial Judge
767			0.0	cereal first time like year
769			0.0	poppin run
770			0.0	new baby
771			0.0	Squirt For Me Scene
772			0.0	football manager long install
774			0.0	turn yet
775			0.0	S I G A N
776			0.0	make year
777			0.0	I mad want tell
779			0.0	Talk di ting Scarlet
780	tru		0.0	Can wait see
782			0.0	os
783			0.0	LOVE YOU
784			0.0	hi need
785	SeminarioCESOP		0.0	la mesa de de hoy A la mesa El es
787			0.0	si es la yo se de
788			0.0	agora em
789			0.0	Nog kan
790			0.0	en
791			0.0	biological sister doe
792	tigerbunny		0.0	TIGER BUNNY
793			0.0	Today noon meet local pastor Rev Ken Bell Rector St Timothy Church Ken Regent alumnus
794			0.0	tua es la frase
795			0.0	wat
796	CEO	CEOjobs	0.0	Most since via
797			0.0	lucky min walk walk mile hate much
799			0.0	GET MORE MY BEST I WILL FOLLOW YOU BACK IF YOU FOLLOW ME
800			0.0	I got Football level Toss It
802			138.0	vale para dos vale tan poco para ser la
804	Virgos		1142.0	like advice
805			1340.0	se Lo te YO ES ME EN TU PUT
806			1.0	en dos
809	BreastCancer		1.0	Make FREE screening
812			0.0	LA KISS YOU
813	tecnópolis		0.0	lo van de
814			0.0	Who Down To Drink
817	Handmade	Christmas	0.0	For beach inspired Handmade Bauble
818			0.0	video funny hell
819			0.0	D
821	Linux	Lebanon	0.0	Alpine distribution kernel
822	secret		0.0	bon j secret
824			0.0	Al es en
826			0.0	The Bower Show today preview
827			0.0	rude
828			0.0	Mention Me
830			0.0	Haven driving lesson like nearly two going forget everything
831			0.0	yah please aku
832			0.0	As Long As Know
833			0.0	Oral
835	nf		0.0	follow back
836			0.0	D
837			0.0	true That I lunch way better anything school
838			0.0	respiratory math really bad long know
840			0.0	el es la para
841			0.0	para iso
842			75.0	mi Yok ya ne
843			912.0	de las de la es persona de
844	arkansas	Pluto3D	94.0	future tonight n come TurnUp
846			82.0	Ill also I follow back
847			0.0	Yo de
848			0.0	anna p
853			0.0	It square ass brick
854			0.0	I favorite I I look make smile
855			0.0	de con calor
856	gemini		0.0	I get
857			0.0	YA ME S
858			0.0	Early dismissal
859			0.0	To em se
860			0.0	If I fall asleep peek
861			0.0	Anybody ever Sleeping Dogs Any good
862			0.0	b Hurricane Hurricane
863			0.0	NOT ME I open message else
864			0.0	N j de tout rap j en ai un en se moment
865	M6		0.0	plus j M
869			0.0	ra ultima en el de la
870			0.0	Time roll big head n watch
871			0.0	yes sir
872			0.0	ya de
874	jholiday		0.0	Now stop let repay week cute like
875			0.0	I example survive fast food
876			0.0	ah e de de
877	BEAUTYFIX	TimeBomb	0.0	Tune today Young
878			0.0	I
879			250.0	Me das es un soy Mamma da
881			0.0	er LAN
882			312.0	THIS CAN T SUCK ITSELF
883			1.0	eu
885			3280.0	dar tu
890	beliebers	VSFashionShow	13491.0	Pretty sure u become watching performance
891			0.0	poor
893			1.0	The month thick
897			0.0	vei S
900			0.0	La la la
901	TodoFãDeTVD		0.0	e
902	Crisis		0.0	La Crisis Punto de Vista VIDEO
904			0.0	Can Live instead Audacity
906			0.0	che non mi Twitter chi non ti
907			0.0	Almost Out First Day On Twilight Set
908			0.0	hoe
909			0.0	Drug den love
910			0.0	Do want Follow everyone gain
911			0.0	Bad Credit Rancho
912			0.0	made day
913	Np		0.0	Tiffany Wo
914			0.0	ne yo think really cool
915			0.0	welcome
917	nowplaying		0.0	She Needs Me Remix Feat Dom
919	BELIEBERS	BELIEVEKey	0.0	Eu VOTE
920			0.0	e de
923			0.0	na eu para
925			0.0	AW
926			0.0	football
927	Fifa13		0.0	Its even open yet
928			0.0	EU Daily live
930			0.0	Follow Follow back
931			0.0	My daily new new via
932	bütçeden30binşubatatamasıçıksın		2.0	bin bin bin
933			1.0	En Capital Federal Tsunami
934			20.0	Imagine hart best friend though oh god
935			0.0	Net met
939	FilmLifeTV		0.0	Love laugh Watch Starring Produced
942			1.0	love take care even though none bitch
947			0.0	Con
948			0.0	Is Carl
950	Ughh	Annoyed	0.0	I really considering blocking Your pointless nobody
951			0.0	e cade
952			0.0	I loser
954			0.0	pun
955	SirilSiklamOlsunOForma		0.0	Bu
956			0.0	het mag
957			0.0	competitiveness A rude awakening
958			0.0	HERE GO MOLA
959	kakaaaa		0.0	growing season hawk growing winter
960	Nervous		0.0	I really feel good I really hope favorite people go home The Voice tonight Nervous
965			0.0	stupid
968			0.0	Does bother Yes Will I ever tell No
969			0.0	No Community Reinvestment Act Carter Bush research
970			0.0	LO
971			0.0	Do want Follow everyone gain
972			0.0	de el
973			0.0	en Al con un el l
974	SOT		0.0	Great story Air Guard Dentist Leaves Smiling SOT
975			0.0	D
977			0.0	tho every since u came saw hospital
978			0.0	Grim think allow I many got
979			0.0	el
980	GBiiiiiiiiM		0.0	hate guy arrogance
981			13.0	Excellent news surgery successful back hospital
982			0.0	naw
983			2646.0	el examen de vas
984			0.0	Hope great day I got today
985			2.0	I know I keep keep shooter close incase reaper get
986			902.0	Era
988	ChingaTuMadreEPNdeParteDeLasDirectioners		49.0	para D para para
990			0.0	welcome welcome Twitter par
992			1.0	year game tonight Wonder water
995	NSMW		0.0	Double chocolate piano
996			0.0	dos
998			4.0	MA highest court b c prove time foreclosure
1000			0.0	When know someone talking
1001			0.0	I really hate bitch every time see get mad
1002			0.0	na
1005			0.0	I dressed like
1008			0.0	Fake freakishly similar real Fake
1010			0.0	I State Museum PA
1011	ILoveThePeopleInMyLife	ThankYouGodForThem	0.0	This day awesome
1012	kooldefuckout		0.0	move fast Um de think love dis age
1013	Succed		0.0	Distinguishing truth never easy given opportunity let go wish see fail
1014			0.0	Buy get free
1015			0.0	At Exit While Turned Down Bond Ahead theatrical roll las
1017			0.0	none say huh
1018			0.0	Check new background inspiring p
1019			0.0	Yo las
1021	GoHavoc		0.0	Just The Ice Suite Contest begin Just getting attention
1023	ExoticWeedSmoke		0.0	Slid
1024			0.0	I test
1027			0.0	la para un
1028	UnAñoDeAmaiaMontero2	Tequeremosamorir	0.0	un de de persona
1029			0.0	Want dress possible
1032			537.0	bien ser en Twitter
1033	jokes		1.0	movie tonight
1034			1606.0	Men leading cause alcoholism among
1036			0.0	love
1038			1.0	I feel like I literally look exactly like I I child I never something else
1042			0.0	Yesterday jolly talking day went golden corral adventure landing mike
1043			0.0	The adventure next year pekan baru city
1045			0.0	Happiness Hour One hour
1046			0.0	te
1047			0.0	Haven put phone class
1048			0.0	Sleepy
1049			0.0	da
1050			0.0	like sky
1051			0.0	Yeah nice go take
1052	foodforthought		0.0	Give food second thought
1053			0.0	para al
1056			0.0	te
1057	Quran		0.0	And remember We said Prostrate unto They except
1058			0.0	tweet damn much
1060	truegrit	running	0.0	Time Run Bring running training
1062			0.0	PARK CLICK HERE
1063			0.0	give attention desperately Conservative Goes On Priceless Drunken Hyper Rant
1064			0.0	la
1065			0.0	Look link cheesy people want I find
1067			0.0	en retard pour
1068			0.0	I video Ultimate Team Path Power Penalty Stopping
1069			0.0	IN COP MASSACRE
1072			0.0	claro yo la E de O
1073			0.0	un video de la
1074			0.0	cutie x
1075			0.0	PARK CLICK HERE
1077			0.0	Las de de
1078			0.0	eu
1079			0.0	thing bucket list meet must
1080	theMomentEnds	beherenow	0.0	Though I feel blowing differently ever trey
1082	Android	androidgames	0.0	The Android
1083			4.0	made history sure
1084	RT		3.0	te follow
1085	Retailjaarprijs		2.0	We de Samen met en de de
1086			0.0	Tau pau thanks walk
1087	Trivia		0.0	Q AGO IN LIFE After stay Duke Duchess travel US Trivia
1090	Soz		0.0	living ya know
1092	maybooks		0.0	Just got mail Ready spring semester I use
1095			0.0	Canada Post holiday season
1096			0.0	New post Technical Analysis Holding Short Term Channel
1097			0.0	game
1100			0.0	Follow I love much baby x
1101			0.0	un
1104			0.0	D
1105	teamGrindHard		0.0	Me nep weight room
1106			0.0	de Bogart en Vale ya La
1107			0.0	G de c pour sa g La elle arriver final
1108			0.0	Fix And Fun
1109			0.0	gun aga e mi
1110			0.0	Photo p NET
1111			0.0	Sow u motive
1112			0.0	Elle un l
1113	ChewEveryday		0.0	I The Chew Watch Win You
1114			0.0	tabor never thought I hear come mouth look growing
1116			0.0	I
1117			0.0	shake suddenly feeling well
1118	GTAV		0.0	Three awesome Being trailer next week
1119	FF	TuitUtil	0.0	es
1120			0.0	uncalled
1121			0.0	Ne parle plus de
1122			0.0	tu ta
1123			0.0	p
1126			0.0	County District Attorney Needs Your Vote To Help
1127			4.0	The Super highway morning na Jam
1128			5.0	en penal
1129			6.0	still caught ex
1131	tbt		2.0	I miss
1132			0.0	mas eh de agora de bota eh fogo
1134			1.0	We build around hearts wonder one us
1136			0.0	beni D ya ben D
1139			0.0	D
1140			0.0	para da de
1141			0.0	O
1142			0.0	top sera h TOP TOP TOP
1143			0.0	Ce en la peine n facile
1144			0.0	nope
1148			0.0	el papa bien
1149			0.0	Burn Notice Tonight
1150	NFL		0.0	Who best rookie quarterback
1152			0.0	I never trip mine
1153			0.0	Just know morning day
1154			0.0	rain
1155			0.0	What hero Bill
1156			0.0	es en la de
1158			0.0	oh
1159			0.0	EL
1160			0.0	Si ser animal animal Un para volar
1162	moetnietgekkerworden		0.0	En Al
1163			0.0	di mi ama
1164	FSD		0.0	King I Love Money
1165			0.0	en ya
1166			0.0	Backstage club hot sometimes
1167			0.0	What language dis
1168			0.0	cant DO YOU RESEARCH BECAUSE LOVING CLEARLY MADE YOU A
1169			0.0	twit error dah
1170	hoverman	walkonwater	478.0	Can anyone still believe I water It crazy
1171			0.0	el ya
1173	LetsGoWolves		0.0	tonight Butler Everyone go wear blue
1174			0.0	live
1175			0.0	A mi el de D
1176			20.0	e legal
1177			11.0	la de de con
1178	crisolps		1.0	en fa CA
1179			1.0	tu se haya
1180			18.0	Wish U Were Here Today Show tomorrow morning
1181			11.0	el video de Little te lo ti la camara tan con
1183	truth		1.0	Me sister completely two people We never see eye eye truth
1184			0.0	young
1185			1.0	watch grinch elf
1186			0.0	What D
1189			0.0	en
1197			0.0	I photo pass I great I one
1201			0.0	RED
1203			0.0	Lo lo termine de
1204	follow	followme	0.0	follow
1206			0.0	Mi
1208			0.0	aula
1209			0.0	Oh con
1210			0.0	love tonight
1211			0.0	dick
1213			0.0	If like lead
1214	Cordoba		0.0	en Cordoba Capital con dos en primer piso con en Cordoba
1215			0.0	n ai j ai classes J ai pu j ai
1216			0.0	class school city
1217	kent	weather	0.0	Wind N Gust Barometer Rising slowly Temperature C Rain today Humidity kent weather
1218			0.0	Get yo lying ass twitter learn sum
1219			0.0	un D
1220			0.0	Do think Would tragic
1221			0.0	A Happy House That right
1222	PartizanInter	ForzaInter	0.0	Tonight Good luck X
1223			0.0	I wish I flexible
1224			0.0	um dos da
1225			0.0	late night phone
1227			0.0	Si soy lo sabe
1228			0.0	En el de de un se se la en con un
1229			0.0	se
1232			0.0	die
1233			0.0	se con simple gusto soy simple se barrer
1234			0.0	made laugh
1235			0.0	en van
1236			0.0	Federal e de de
1238			0.0	Defense
1239			0.0	z
1240			0.0	I already text I say coming
1242			0.0	We Are The Radio By Future Get It LIVE
1244	BazenZooi		43.0	angst om te
1246			3.0	de con de anorexia Es para un chico Si un e
1247			2.0	ulcer giving birth
1250			1.0	el ya el de la Me tope para
1252	btopco	btopco	0.0	spied entry InterLibrary Loan program Cool
1255			0.0	First important highest quality make best
1259			0.0	en es plural la de
1260			0.0	La es Loca Reina
1261			0.0	I feel like pretty good test
1262			0.0	de en lo te da el
1263	dablife		0.0	I think I smoked weed since I back I life
1264			0.0	n mas agora serio
1267			0.0	I Was
1270			0.0	de mas
1273			0.0	D
1274			0.0	UGH better
1275			0.0	nu
1276			0.0	Ich Video
1277			0.0	Exactly
1278			0.0	jag ger
1280			0.0	No look stop I understand attitude angry Hell angry
1281			0.0	spell yo
1283	smallbusinessowner		0.0	I opinion matter You people want sure I work camp
1284			0.0	bile bu
1285			0.0	may
1286			0.0	sera en pendant
1287	ThrMammothWantsYou		0.0	What good girl
1288			0.0	He play much
1290	takipcidenizi	KarşılıklıTakipEdenlerBuraya	0.0	site
1292			0.0	te
1293			0.0	Do want Follow everyone gain
1294			0.0	um
1296			12.0	Old turn sometimes
1297			0.0	industry Your welcome learn
1300	NICE		0.0	head back Final Four multiple possible POY candidate NICE
1302			126.0	Happy Thick Girl
1303			273.0	miss
1304	EsDeAmigas		5.0	la tu es
1305			0.0	smelly
1306	Jewelry		0.0	make Dance beautiful Jewelry
1308			0.0	This much fun
1310	ASOT586		0.0	time trance
1311			0.0	GLAD YOU
1312			0.0	mano
1313			0.0	wat met dit
1315	HIPERINFLACION		0.0	de
1319			0.0	Whatever
1320			0.0	thing
1321			0.0	I went la gay ass
1323	Bolt	100m	0.0	Bolt court en
1326			0.0	came n told dude vol th empty petrol
1327			0.0	visto
1330			0.0	follow back
1331			0.0	u u
1332			0.0	Is true voice
1333			0.0	th The Band I got The Prophet Bar little later I
1335			0.0	We On A Advisement Schedule Today So You Know I Mad I Got A Early Out Trying To Stay NO LONGER Than When I Pose To
1336			0.0	help people hard times spread word
1337			284.0	A To happier also best friend
1338			1480.0	It No Shave Halo Black coming like teenage pregnancy issue month
1339			0.0	hi daily bum
1340	Seen2NITE		1.0	Ave S FREE PARKING
1341			1144.0	U aint nothing yet Way awesomeness come Just warmed
1343			20.0	Ce
1344	YNWA		2.0	Good luck getting speak Hope good
1345			38.0	Twitter hack enthusiastically
1346			503.0	tu de mana la Pro
1347			3610.0	Hay Hoy No No ya
1348			60.0	las la es vale en
1349			1.0	different unique story It different
1350			6.0	Fox News projecting tomorrow Rove believe
1353			1.0	Nobody ever hand hard times I
1356	TeamFollowBack	InstantFollowBack	0.0	GET MORE MY BEST
1361			0.0	I WONDER WHY PEOPLE STILL SUPPORT
1362			0.0	Do smoke
1363			0.0	Y la
1364			0.0	Photo
1365			0.0	Drive car sky big never let go
1367	BuenJueves		0.0	Tu define tu tu
1368			0.0	Sup
1369			0.0	De en te besan solo para la
1370			0.0	I get
1371			0.0	We tot en
1373	We		0.0	Vote We Y
1374			0.0	I class late It
1376			0.0	u take pic time
1377			0.0	I spoken employee recently I industry secret P excited
1378			0.0	hopeless
1379			0.0	de si lees la
1381			0.0	Galaxy La mas de el
1383			0.0	es
1384			42.0	ponto nome e um lindo
1386	RichHomiez	Famous	2.0	got many Famous
1387			0.0	de las el dolor se tangible
1389			124.0	I totally relate
1390			1.0	still saying da da da miss yuh yuh need cum see ha
1391	lovethem		1.0	I think Blue bad song
1395	vetaDilma	royalties	56.0	na sao
1396			0.0	sa mir
1398			34.0	A
1402			0.0	No en la Chile se
1403			0.0	En ni de la te
1404			0.0	A con mi tal de un
1405			0.0	YA
1406			0.0	Just take quick sec say quick thanks show year It huge success thus next year
1407	botiFIVErunner		0.0	Per Ben
1409			0.0	tend praise need winnings
1410	thecountdownbegins		0.0	days till break
1411			0.0	He dead Naw
1412			0.0	want quit Bond Bad times Though imagine could replace GOSLING
1413			0.0	Sleeping like baby
1414	epic		0.0	It No Shave Celebrate epic music
1415			0.0	El q se tu se
1416			0.0	bot
1419			0.0	New post We making significant progress security President New Foreign
1420			0.0	blonde I blonde let make tee
1421			0.0	Pinche No carga
1422			0.0	My show yo The office funny
1423			0.0	Stoker
1425	estrategias	ventas	0.0	cuesta help
1426	1DNews		0.0	na de Teen Vogue
1427			0.0	Legacy Program made list today thankful What
1429			0.0	Should good weekend hopefully
1430	prochoice	progressive	0.0	Celebrate progressive w Wine
1431			0.0	Tune radio station planet Hip Hop Rap R B
1432			0.0	q lo D
1433			0.0	Y yo TE MAS TE
1434			812.0	Notebook Honey It want deserve
1436			216.0	tweet much Bitch breathe much
1439			134.0	time Fulham career th official v game
1441			1.0	la han
1442			6.0	hasta hasta
1443			0.0	Ar Can complain watching football would believe Tell going thrash lot
1446			0.0	warm
1447	120followers		0.0	GET MORE MY BEST
1449			0.0	If I ever meet member tell Suck black Dick swallow black Bitch
1452			0.0	DYING
1453			0.0	G series G
1454	ZAYNISPERFECT		0.0	per
1457	ProjectLookup		0.0	A perspective user
1458			0.0	L
1460			0.0	No You ever got donkey
1461			0.0	dessa dessa
1462			0.0	perfect
1464	XmasGiveaway		0.0	I love even I son share I wait see little
1465			0.0	Click kiss It something bet want join b ATTENTION
1466			0.0	Photo My rainbow Love A super hubby hot hell
1467			0.0	aye
1468	WhyRelationshipsEnd		0.0	bus
1470			0.0	HELL YEAH line yet
1471			0.0	un vote
1472			0.0	I great meet one via pin F
1474	titikduabintang		0.0	Good
1475			0.0	j ai de
1477	FrontStage		0.0	e da
1479			0.0	true
1483			0.0	la aku aku tu la
1484			0.0	Photo
1485	justdamir	respect	0.0	respect
1486			0.0	Department Energy Climate Change
1487	Câncer		528.0	vire
1488			0.0	Hope Brave girly
1489			791705.0	Four
1490			3.0	many
1491			0.0	crime um e
1492	Zacatecas		0.0	penal de de
1493			3.0	want skinny
1494	lepongountweet		0.0	si la de mala
1495			1.0	If u hug block quite time I know u feel
1499			0.0	She jealous cause replace
1501			0.0	unfollowed today checked via
1503			0.0	What Speak
1504			0.0	getting pretty excited
1508			0.0	O EU
1509			0.0	de el
1510	annoying	immature	0.0	Some people need grow annoying immature
1512	QuisieraSerTuistarPero	Alucinadaza	0.0	mi humor de
1513			0.0	na lan house e mim um bom e eu Pedro via
1514	Hedef4Maçta4Değil10PuanSaldırFENERİMherAn		0.0	D ya la
1516			0.0	Photo
1518			0.0	mas eu n te tu da ME NO CHAT
1520			0.0	I hate teacher teacher hate I give
1521			0.0	wan
1522			0.0	I feel like I look desperate really I care
1524			0.0	unfollowed today checked via
1525			0.0	thats people saying going happen tonight
1526			0.0	Don scrub well Best luck
1527			0.0	Me ha un de DEATH FIGHT FINAL MEET
1528	handmade	gifts	0.0	Visit Make ME handmade
1529			0.0	tu dit Tu Hook
1530			0.0	matins
1531			0.0	ya
1534			0.0	red blue I see
1535			0.0	speed
1537			0.0	c te
1538			0.0	unfollowed today checked via
1539	ATENCION	YaUted	12.0	es
1541	TeamFollowBack	TeamFollowWack	78.0	ONLY IF YOU WANT NEW aDay aDay
1543			4.0	COME ON
1545	GuaJiwang	JiwangKejap	1.0	yang yang lain
1547			488.0	People say Bless sneeze sneeze heart second
1548			0.0	How cool sound Free Healthy Cooking
1549			0.0	lady ah head bout story ah different
1550			0.0	I took snapshot Brett COME SEE IT LIVE
1556	bfc	monster	0.0	Photo Forever love monster
1557			0.0	One hour
1559			0.0	Bitch damn today
1561			0.0	Hasta el de No
1562			0.0	Never please thank roc real quick
1563			0.0	Yo sin ti ya en la
1566			0.0	en
1567			0.0	el mal l
1568			0.0	You college Pell Grant TAKER You get refund TAKER You get back TAKER
1569			0.0	Love
1570			0.0	think quality
1571			0.0	Almost finished mixed media portrait anyone
1572			0.0	Bistro Hi thank invitation I redeem free meal
1573	jobs		0.0	We growing looking talented passion restorative healing Sound like
1574			0.0	In dis movie hungry
1576			0.0	la es fiesta
1580			0.0	hay
1581			0.0	deben ser
1582			0.0	basketball game school It live need ticket get
1584			0.0	sorry man set way I missing opportunity
1585			178.0	I never going forgive getting pregnant
1586			0.0	get low I
1587			724.0	Si lees
1588			2.0	wish money see stuff inconvenience
1589	proud		0.0	I come far year
1590	WhyRelationshipsEnd		11.0	theres enough weed involved
1591			1.0	People
1593	OnMyMaMa		1.0	I going global deal
1594	feelsgood		0.0	grill I reunite today
1595			1.0	I smell baby put perfume
1596			0.0	mary ha angel en
1597			1.0	de para un poco
1602			0.0	taking twitter
1603	MNG	shopaholic	0.0	en con
1607			0.0	What live My Motto
1610	geek	stuff	0.0	Imagine geek stuff
1611			0.0	Si el te sea el antes de mi
1613			0.0	Hora Temp C Hum h hoy
1615			0.0	Nu
1617			0.0	la
1621			0.0	papa da
1622			0.0	El de
1623			0.0	broo
1624			0.0	A real man make wet
1625			0.0	unfollowed today checked via
1626			0.0	C tu un
1628	oomf		0.0	looking ratchet today
1629			0.0	Ana M Kaka ana M
1630	FreedomOnUKiTunes		0.0	Been waiting
1631			0.0	Take yo shirt I bet yo showing
1632			0.0	welk
1633			0.0	P P P P K P P P
1634			0.0	J Live Call Duty Black World Launch l
1635			0.0	si se
1636			0.0	What perfect day tank
1637	Cigarettes		0.0	coffee
1638			0.0	apart car pay road tax pay fix
1639			0.0	working
1640			0.0	mi dar
1641			0.0	love lots baby
1642			0.0	far anything yet P
1643			0.0	never ever
1644			0.0	babe You looking forward night still
1645	FG		36.0	orang yang ye gue P
1648			0.0	I believe Jane video contribution today Find channel TAG know add link
1650	godo	yourock	0.0	Well Done You deserve youve worked hard
1651			800.0	I filling gas tank I thought I really want eat week anyways
1654			0.0	Now think got like wear hair make sure give back
1658			0.0	la la
1659			0.0	na po ako
1663			0.0	I perfect perfect
1665			0.0	way I feel like lying
1666			0.0	hate ex remain girl ya chance stand aside watch REAL bitch
1667			0.0	In type mood today
1669			0.0	gone pay tonight tho
1670			0.0	Hacking A connection E crasis
1671			0.0	mi dice es de next top model p
1672			0.0	Our interview detachment force first surviving gay man
1673			0.0	mending
1674			0.0	figure speech
1677	toohappy		0.0	Aye following I say like everyday
1678	nolife	nerdproblems	0.0	It time Time go spend next library
1679			0.0	WHEN ARE YOU BACK
1680			0.0	da Record de R A da Record News da dos
1682	deathpenalty	netde	0.0	DE try slaying bound Smith seek
1683			0.0	Longe de eu Eu na de viver
1684			0.0	de
1685			0.0	I one female car aka MidNight
1686			0.0	Why president yet
1688	cheapbooks	books	0.0	free shipping Standard Guide Small Size U S Paper Money Standard Used Bargain Pap
1690			0.0	I miss sam miss
1691			0.0	ding nee
1692			0.0	Hi Ghost U If like Most Take Look Video
1693			0.0	la
1695			0.0	livid
1697			0.0	S O cousin shining right I hope Defense quarters
1699			0.0	bas ko
1701			0.0	Who bout
1702			0.0	wrong wit u already got u dont need make song talent show u got talent
1704	CréeUnHamburger		56.0	Mac
1705			31.0	en la de en el loco de la
1706			1.0	Si de
1707	Done		1.0	Done Same weave different glue need perm baby needs one Times getting hard track
1708			534.0	Wale I would pay good money take power nap
1711			1.0	de p p em Demi mas n la
1714			1.0	It Feel Good Outside
1716			0.0	O eu
1718	BandKampRadio		0.0	Dont get post cleavage wit Written
1719			0.0	The beside
1720			0.0	Dirty money give dirty
1721			0.0	Sheep Ale Beer
1724			0.0	c sur
1726			0.0	Y PARA EL LAME N DE GRINGO
1727			0.0	one user one user unfollowed today checked via
1729	ThingsMyDaddyTaughtMe		0.0	Most know today lucky
1732			0.0	x
1734			26.0	I WANT TO BE SO I CAN HAVE ALREADY PLEASE
1735			0.0	ta lindo
1737			0.0	ko di
1738			380.0	Snape die young I support cause
1739			2.0	I need D
1740			1.0	para el de para
1741			0.0	Rob Smith Was
1743			4.0	I hate feeling like nothing I good enough
1744	Spurs	THFC	2.0	start tonight
1745	RT		4.0	D SUR M
1746			0.0	C tout la
1747			0.0	I wonder many people moving Colorado
1748			0.0	es lo malo de
1749	birth		1.0	Cant wait open currently helpful want get birthday booked birth
1750			0.0	gal apa lo
1751			0.0	Las
1752	Hollyoaks		3.0	BITCH
1754			1.0	I miss sweet person used
1755			0.0	con
1758	vorigetweet		0.0	oven
1759			0.0	Pause
1760			0.0	loss bring weekend
1762	natu	memorirehoy	0.0	Con un dolor de mas
1763			0.0	This u know
1764			0.0	When sang S M really like pretty heavy cold
1765			0.0	waiting area small got standing
1770			0.0	el en La un en el de la
1771			0.0	Ion thats cool Cause dont
1772			0.0	h
1773			0.0	de al final si
1775	diy	glitter	0.0	Thanks bud totally try glitter
1776			0.0	cinema
1778			0.0	Primer de rentable
1779			0.0	nu ak en nog
1780			0.0	sexy Eu e um de
1781			0.0	go away
1782			0.0	MAS SE
1783			0.0	If win I start supporting
1785			0.0	Evening
1786			0.0	mas eu sou um DA SILVA
1787			0.0	page
1788			0.0	GOBBLE GOBBLE
1790			0.0	I want always smile
1791	TybeeIsland		0.0	House c
1793			2.0	mal Sa dit mon lave un plus caries plus tout
1794			0.0	twitter e eu eu n ta se da e da tua
1795	Pisces		293.0	If searching someone share intimate definitely good choice
1800			0.0	LA
1806			0.0	Thank God
1808	Politique	présidentielle	0.0	Rapport n Budget p
1809	Truth		0.0	Life death people love hate Death beautiful lie I Painful Truth
1810			0.0	la con la
1811			0.0	one user unfollowed today checked via
1812	got		0.0	I got
1813			0.0	want blood cheesecake
1814			0.0	Last period day
1815			0.0	aa sur l
1818			0.0	yes
1820			0.0	I Ar
1822			0.0	Hanging sick Sleepless nights suck Hope better soon
1824			0.0	ho HEY
1825	JustThinkArkansas		0.0	Painting
1827			0.0	grateful worth effort thank
1829			0.0	weekend
1830			0.0	Detention boom
1831	FF	TuitUtil	0.0	de la persona Twitter
1833	dog	puppy	0.0	dog puppy animal
1838			0.0	de en ga p
1839			40.0	Your heart yes head say dont know
1840			4.0	poggy
1841			0.0	un
1843	justgonnabehonest		2.0	everything alright ant
1847			0.0	via de
1850			0.0	Anda anda anda
1851			0.0	Gone come back get second chance
1852			0.0	met
1855			0.0	Tried today
1857			0.0	ta un cardigan
1858			0.0	practice school
1859			0.0	na
1860			0.0	de
1861			0.0	u GONE LEARN TODAY
1862	android	androidgames	0.0	I Altar island Now island even awesome android
1863			0.0	Radius
1864	Египет	Таба	0.0	Resort
1865			0.0	van
1866			0.0	Rilly Random Have Surgical ie boob job tummy tuck much
1867	schar		0.0	U
1868			0.0	Can
1869	FOLLOWBACK		0.0	Q
1872	8NYoNoVoy		0.0	un de social
1873	MLB		0.0	Discuss More Replay Roster
1874			0.0	Can wait I get home
1875			0.0	The must always plan b I everything else
1876			0.0	en en Urban Bag San
1878			0.0	Fact th th best central
1879			0.0	l
1880			0.0	I like think
1881			0.0	Have recently found home would love Our next
1882			0.0	follow
1883	ufpi		0.0	To da de da
1884	ThankfulChallenge		0.0	Thankful healthy metabolism Cheeseburger glass wine dinner Don mind I
1885			0.0	eh
1886			0.0	te si ya
1888			348.0	play beer pong see president
1889			253.0	Another day another D
1890	50shades		0.0	LOOK Story sexy brooding man pain cymbal BRILLIANT joke
1891			14.0	Thanks super kind people Great hear Really kind
1892			44.0	Drunk Silver people singing Hey I met And crazy But number
1893			14.0	el viva en
1894			5.0	Attorney General Community Action Issue Warning Home Energy Assistance With
1895			78.0	Te saber lo mal ser la de
1898	GIRONDINSMARITIMO		16.0	la pause
1899			831.0	oh god
1900			1.0	pro n q eh eu te
1901	Smh		1.0	He Left Me
1902			128.0	de verso sexual ah da q um
1904			0.0	Ana contra
1907			142.0	When I first met honestly know important
1909	towie		0.0	I really understand people beg cast
1912	WhyRelationshipsEnd		57.0	think head
1916			0.0	Big High
1917			0.0	de
1918			0.0	I keep skipping g boring
1919	i		0.0	die
1923			0.0	L amour En
1924	MindFuckes		0.0	There guy college like
1925			0.0	calm collective
1926			0.0	thought would happen
1927			0.0	joey
1928			0.0	Ding dong witch dead
1929	ASOT		0.0	time
1930			0.0	El en World Travel Market de
1931	movie	review	0.0	Survivor Booted Castaway still bitter movie review
1932	Dentistry		0.0	Cave Dentistry
1933			0.0	Make Sure You Visit entertainment social news coming talent
1934	pluvito		0.0	thanks following
1935			0.0	Mi con de vine de es la
1936			0.0	see big
1937			0.0	Angry bird
1938			0.0	es De O
1939	prjobs	corpcomms	0.0	Senior Account Manager financial
1940	whataloadofgobbledegoop		0.0	Been working evening quite
1941			0.0	I want take see I think gone see though
1942			0.0	Check awesome site T E Care
1943			0.0	forget lovely driver
1944			0.0	U
1946			0.0	I Hope Stuff Going Better For She Beautiful And The Best
1947			0.0	apace Tonight
1949			80.0	Las No te El es bien Te
1951	EsUnaDudaQueTengo		1.0	pais de S
1953			0.0	Yes Yes
1955			503.0	More sex less stress
1956			1.0	Happy Birthday girl
1960			4.0	de All Time Low un para
1963			0.0	body days
1965			0.0	waiter
1966			0.0	Just I talk mean I
1968			0.0	A Foreign Policy What
1969			0.0	LAS
1971			0.0	ser
1972			0.0	Help identify robbery suspect
1973			0.0	pour tout T T
1974			0.0	yo te
1976	ThatWillBeTheDay		0.0	When To
1977	Channel4		0.0	movie tonight Channel
1978			0.0	Hit em wit cobra boy
1979			0.0	No Visible Support Bridge Incremental Launch
1980			0.0	mau
1981			0.0	cold outside unacceptable Hate cold weather
1982			0.0	days
1984			0.0	bel tout
1985			0.0	spoon ya fatty
1986			0.0	She Can Anna
1987			0.0	para lo de la C
1988			18.0	Everyone show random act kindness today The world needs heal
1989			51.0	BONG BONG BONG BONG BONG BONG BONG
1990			19.0	la al te de un
1991			4.0	That awkward moment vampire get period
1992			0.0	funk
1993			2.0	Se el de mas para las
1994	AlteredThurzdaze		0.0	So tonight big big Real big bout Elite Force
1997			1.0	I know want education
2003			0.0	Te persona
2004			0.0	yang
2005			0.0	one job
2007			0.0	someone stand party fight right
2011			0.0	No se con lo para lo es
2014	foolassdude		0.0	I tell used something get rack two stop taking money
2015	1DAO		32.0	para el de Teen Vogue DAO
2017			0.0	Tania listen
2019			0.0	Yes Man We Need To Go Shopping I Wish I Was In Manny To Get One From Up There
2020	Demi	giveyourheartabreak	0.0	The day first met told u never fall love Demi
2021			0.0	FREEDOM officially
2022			0.0	I little rough around growing
2024			0.0	J
2028			0.0	apparently I look like
2029			0.0	give YOURSELF Nobody opinion So mind business
2030	fackyou		0.0	next time I getting hot chocolate warm ur eye
2031			0.0	mile hike yesterday straight mountain Oh yea weekend given
2032			0.0	parle cest cool
2033	HonestHour		0.0	Even though think I care I actually lot But I lie feel bad
2034			0.0	Hope amazing time awesome flight c
2035			0.0	u come home man
2037			0.0	If ever hear really metal version Call Me Maybe
2038			0.0	u u u HOW point cant even
2039			0.0	nose es C ya mas
2043	Rageuses		5.0	Si toi En c tu de la
2046			8.0	h HUMOR de pro de
2047			13.0	What heck fiscal cliff Here go
2048			5.0	TREND
2050			0.0	Not rapping
2051			0.0	ama
2058			0.0	mi si
2059			0.0	Lionel son made member Old Lionel son already made
2060			0.0	congressional lay spending National Politics Election News The Morning News
2061			0.0	Mi con E
2063			0.0	supposed clean bath tub man cant dirty well
2064			0.0	p
2066			0.0	er al
2068			0.0	We die die kan
2069			0.0	So let get straight twitter twitter post sick fake talking
2071	wank		0.0	ha ha ha ha ha ha ha ha ha ha ha ha ha ha ha ha ha ha ha ha ha ha ha ha ha ha ha ha ha ha ha ha ha ha ha ha ha ha ha ha ha
2074			0.0	thought could beat dorm
2076			0.0	Craver Media Flight One White Game Royal Available via
2077	longdayatwork		0.0	Finally time relax
2078			0.0	Not feeling good time needs fly
2080			0.0	mau film
2082			0.0	La la mort aura la mort
2083	Cancer		0.0	Cancer like
2084			0.0	thanks
2085			0.0	good
2087	teambombshell	getsome	0.0	fitness fit
2088			0.0	I genuinely care x
2089			0.0	allow
2090			0.0	none standard library etiquette
2091			0.0	He un de de Soy STAFF de Club
2093			0.0	en de boy en de boy
2094	eees		54.0	de Fort las S las R si la
2097			715.0	Anything possible False You ride pigeon school
2099	omdathetzois		87.0	Van die Hoe fack
2100			0.0	Observing
2102			1.0	D
2104			577.0	Love u Blake Total rock star I glad people love duet Just A
2105	WTC	SanSalvador	1.0	de la en el en
2106			0.0	Such nice snugly rainy day outside I still bed
2113			0.0	Ho un dove un soli
2115			0.0	Lyric trivia We
2116			0.0	Remember back primary school wen u fell mistakenly met Nice Incident
2117			0.0	para
2118	VamosNapoli	NapoliDnipro	0.0	Ti poi la ai si
2119			0.0	time
2121			0.0	I get car fixed
2123			0.0	I one realest ever meet
2124			0.0	Angry Star This either going tickle people piggy green piss lot die hard
2125	eso		0.0	Me super bien para mi con mayor el al el chat
2127			0.0	The best open
2129			0.0	driving going Used Crossroads ago
2132			0.0	Me
2134			0.0	Merrily yeah u told
2135			0.0	crazy girl Text think
2136			0.0	On eu la dissert un c manque
2137			0.0	Check The another snack
2138			0.0	hep gol bile
2139			0.0	I
2140			0.0	We town new film We want
2141			0.0	think number
2143	gottagetthesespinetinglesworkedout		0.0	Massage time No
2144			0.0	hour
2145			0.0	te
2146			0.0	p
2147			0.0	yes
2152	popayan		0.0	en lo se de
2154			10.0	I protective mine
2155			0.0	god
2157			1.0	Listen Ta
2159			0.0	VOTE CHI O
2160	Asot	TranceFamily	0.0	Trance On World Off
2161			1.0	late already cold
2167			0.0	untouched das
2168	twiwari	fuzoku	0.0	ad
2170			0.0	around much would cost fuel
2171			0.0	Nothing feel better somebody side like
2174			0.0	Yeah let
2175			0.0	saya ya
2176			0.0	We need play tournament team let us know know
2177			0.0	reem eye
2178			0.0	Zero Dark Thirty Trailer bin Laden
2179			0.0	snap um x
2182	STOP		0.0	Wow THE conversation happening front right Like even I feel feel uncomfortable STOP
2184			0.0	ona gore
2186			0.0	las good luck
2187			0.0	everywhere
2188			0.0	Don forget history destiny
2189			0.0	oh ne D
2190			0.0	Rove spent million back winning
2192			0.0	Mu bien majo ni P q lo
2193	imweird	young	0.0	big booty bitch young
2194			0.0	I saw today purple like dollar I belive
2195			0.0	funny ass hell
2197			2.0	Well shave Halo black month I teen pregnancy time low
2199			18.0	Don stress control
2202			1.0	What people happiness feel meet emptiness feel
2203			0.0	I dont understand someone relationship people still pursue person simply dont c
2204	OkJeSors		1.0	J ai un papillon sur sol sans J ai un de BAM
2205			162.0	one direction
2209			0.0	ya love
2213			0.0	New track dropping tomorrow
2214			0.0	wilt imagine
2217			0.0	Training
2220			0.0	oh oh oh
2221			0.0	de
2223			0.0	Designer Maria day Trunk show miss Start holiday
2224			0.0	Come
2225	fb	yql	0.0	West Weather Temp C Humidity Wind h NE Chill C weather
2228			0.0	I love
2229			0.0	Yoghurt
2230			0.0	thanks girl
2231			0.0	I reference drug task force I purposely ask someone even I already know
2232			0.0	man til en fed O
2233			0.0	de Hasta Bob Se
2234			0.0	bet tried anyways p
2235			0.0	van hem
2236	TeamJoshua	PRAllStars	0.0	I choose Fan Favorite Vote designer via
2237			0.0	Wally se escribe
2238			0.0	c
2239			0.0	pesa la de mi
2240			0.0	Si
2241			0.0	lo de guy era ti
2242			0.0	Road Complete Recovery
2245			0.0	That load nice lady
2246			1120.0	I even I weird
2248			221.0	No
2249			15.0	Halo D
2250			1.0	Solo solo solo mi mi amor
2251	onokad		0.0	da na u na
2252			153.0	Respect
2253			0.0	El fin ha
2255			0.0	Fact hop move independently
2256	kardashiancollection		0.0	Literally want everything
2257	ThingsMyFatherTaughtMe		0.0	treat way raised u
2258			0.0	bu tip hep line bar
2259			0.0	er te
2261	Battleship	s14a	0.0	Battleship sa
2263			0.0	Hush Aint nobody u Plus act like today stopped
2264			1.0	AL DE A A A A A A A
2265			0.0	oh
2268			0.0	M Vila M Vila ist
2272			0.0	Sometimes need someone listen
2274			0.0	Me un
2280			0.0	v
2281			0.0	add ai
2282			0.0	e tablet
2285			0.0	You punchable face
2286	masbueno		0.0	x al mi
2287			0.0	BIRI
2288			0.0	know
2289			0.0	I miss
2290			0.0	still worthy bit decide Wat Want go traveling around bit Maybe look camper
2292			0.0	cute self
2293			0.0	mon om
2294			1683.0	Te un un
2295			3913.0	Dont tablet Don one Check awesome back school
2296	BestthingaboutPMLN		1.0	established Mobile Private Sector greatly enhanced domestic communication better
2297			41.0	Lo ti lo mas
2298	marketers		0.0	Best Web Agency
2299			22.0	Turns side full
2300			1.0	yo yo regular Mary year
2305	TBT		0.0	us perfectly
2306	asthmatic		0.0	To people smoke persistently outside YOU SUCK ya nasty asthmatic
2309			0.0	A week coffee bay much
2310			0.0	rater l de l actu people en
2312			0.0	nit
2313			0.0	mi el
2314			0.0	GET MORE MY BEST I WILL FOLLOW YOU BACK IF YOU FOLLOW ME
2316			0.0	Ion stress I control
2317			0.0	Innocence beautiful quality time
2318			0.0	one phone get new one
2319			0.0	E
2320			0.0	e te
2321			0.0	could going slept life one son
2322			0.0	No x un amor un
2324			0.0	papa la fiscal
2325			0.0	Do want Follow everyone gain
2326			0.0	pop
2327			0.0	I need help I speak around country need know
2328			0.0	Web Design Avoid
2330			0.0	Photo
2332			0.0	party en la cabana
2334			0.0	mal Cate yo Es ya en mal
2335			0.0	para tu con
2337	hungry	iwantfood	0.0	Someone cooking food next door making hungry
2338			0.0	Ya es O
2339			0.0	Thankful red hair nature among year old self
2341			0.0	ben
2346			1.0	scruff look sexy
2347			31.0	My heart room trunk car
2348			1.0	fez
2350			0.0	When give someone embarrassing address age eleven
2351			0.0	la palanka
2352			1.0	One Five Gay Now Live Marriage Equality
2354			0.0	I
2355			0.0	M en
2360			0.0	Cade eu
2361			0.0	de Estado en contra El de Estado
2362			0.0	D
2363			0.0	Comer para c
2364			0.0	Paling orang yang nak
2365			0.0	flirting
2366	design		0.0	Chair design
2367			0.0	Congest ALL I LEFT AND CENTER JUST PRIOR TO I CLOSED DUE TO A
2368			0.0	Eat ya girl breakfast save ya
2369			0.0	Ah pace Sa ko mace ah ko pace
2370			0.0	ya en via
2371			0.0	ta
2372			0.0	miss
2373			0.0	I already know I cooking tonight pizza time cleaning time go bed early time
2375			0.0	Nee hele en met D
2376			0.0	Hello two orthodontist
2378			0.0	I ever
2379	TheTribe	Diva	0.0	How I join Diva
2381			0.0	lan bu ne D D
2382			0.0	gay D
2383			0.0	two left
2385			0.0	el para la Apple son lo
2386	Fuhr		0.0	Grant Furious
2387			0.0	Post Para As De Carambola
2388			0.0	I could see trailer
2389			0.0	Un article Post
2391			0.0	El amor es un el es
2392	MentionSomeoneYoureGladYouMet		0.0	crazy bitch life would like without I LOVE YOU
2393			0.0	I know I would able host one I sorry
2394			0.0	I Superior de de
2396			0.0	one user unfollowed today checked via
2398			0.0	I kind agree think I Whitehead
2399	imperdonable		0.0	de animal
2400			0.0	What doc new carrot soup
2401	WhyRelationshipsEnd		3.0	Its meant two people But people know count
2402			3.0	Meet someone new get attached get hurt move start
2403			0.0	If less follower Follow gain NOW
2404			46.0	El es el para la
2405			0.0	sou eu Bani
2406			44.0	e de
2407			9.0	Hi dah ni MENTION saya nak follow Thanks
2408	FuckingSwag		2.0	Hoe dag Twitter Over Capacity
2409	WorstSentences		183.0	We need talk
2411			300.0	Less love sex new girl ex sleep stress
2412			0.0	Locked
2416			0.0	I think Highlander
2419			0.0	Get The Money The Fame
2420			0.0	Thank much following Love
2421			0.0	en lo de mi con sea
2422			0.0	D M
2425	nofilter		0.0	Flint Town
2427			0.0	thank much You sweet
2428			0.0	yeah kind intense I glad time
2429			0.0	I video A combat
2430			0.0	de Y si la de
2431			0.0	en el parlamento
2434			0.0	Sorry pathetic tub hold mud hit crisis
2435			0.0	girl I work lost
2436			0.0	Love new new
2437			0.0	still saving u seat tomorrow night U better come
2438			0.0	YA
2440			0.0	Abbey
2441			0.0	weet
2443			0.0	carry bad dice game
2444			0.0	L idea di
2446			0.0	bela sen cam show Ya ben
2447	cancer		111.0	Cancer cancer take rejection well like indirect really want
2448			7.0	O dar
2450			19.0	de meio um coelho da
2453			28.0	music listen basically noise
2454			0.0	got everything booked better keep eye
2463			0.0	In hot water bottle already wrong
2464			0.0	My life moment
2466			0.0	soy padre mi mal diabetes mas
2470			0.0	Tech History Lesson Today Roentgen took first X ray
2474			0.0	Future headline idea following game bunch J J Walker lead O MITE
2475			0.0	u hot rapper need original make GET OFF OF IT come
2476			0.0	Dressing sailor I decided
2477	luckieststudent		0.0	Know student could help pay school Please
2478			0.0	te lo yo ya lo se es
2479			0.0	El en de para
2480			0.0	naik
2481			0.0	brown apocalypse literally horrible amazing
2482			0.0	si te registrate la te el link
2483	Creeping		0.0	Hanging car I roll Creeping
2484			0.0	ba P lama aft D
2485			0.0	Basta con la e solo tu che l
2486			0.0	J ne sur
2487			0.0	love D D
2488			0.0	Why hell know first place stupid
2489			0.0	de mode miss dis tu pour film
2490			0.0	en la
2491			0.0	yeah true maybe time
2493			0.0	My daily new new via
2498			0.0	ya I give days get messy
2499			0.0	need decent weekend
2500			0.0	I still last year bus station oclock
2501			0.0	We never ever getting back together
2502			0.0	mal told gag evil Saw three days ago election night Get times man
2503			5.0	If listen band wear merch
2504			0.0	Mi un
2505			0.0	Epic journey
2506			59.0	three year contract worth mill per season club option th
2507			2.0	Please hold balloon release Not litter even stay mon
2508			1.0	La es
2510			1.0	Me ha un de de M O A B en Piazza
2512			1.0	Yo mi es hay con lo es
2513			0.0	To screw
2514			0.0	Me en lo mi te
2516			0.0	mu
2518			0.0	Do charge hour If may already know
2519			0.0	Shining Star feat
2521	Quote		0.0	If mind conceive heart believe I know I achieve Quote
2522			0.0	Dit hoe erg het zo n kan
2523			0.0	I know know good times place eu
2524			0.0	My dad family
2527			0.0	USE TO BE THE GIRL
2528			0.0	best
2529			0.0	I want travel man
2531			0.0	Dogs Naturally Magazine On
2532			0.0	Aku ni
2533			0.0	Jean Jacket
2534			0.0	pasan en en han de mi al creen P
2536	FAMAB		0.0	Fan Bronze
2538			0.0	What I
2539			0.0	ben bile D D
2541			0.0	Hay te
2542			0.0	Oh Presenter The One Show cold
2544			0.0	must
2545			0.0	girl
2547			0.0	C mi D
2549	dick	mas	0.0	dick new tele Hello nearly mas need
2550			0.0	afford
2551			0.0	em de ai
2553			0.0	Is true please tell I need know get one think
2555			0.0	hoi
2556			0.0	Advice spreading cost key data Reality Finance
2557			0.0	Any upcoming I aware Already know Exalted e W Witch Book
2558			0.0	hoy ni yo q q se ya el
2560			0.0	B A P Stop It Show Champion Comeback Stage via
2561	superstitionprobz		0.0	My eye like
2562			0.0	woy
2563	placement	thelittlethings	0.0	When ALL sleep placement
2564			0.0	unwanted supposed say x
2565			0.0	Ye ye
2566			0.0	Now talking weed SEND HELP I FEEL SO WEIRD HE JUST IT GRASS
2567	LoUnicoQueQuieroEs		0.0	se un
2569			0.0	If class th floor fat
2573			0.0	om
2574			0.0	Mi non
2575			0.0	To G O O D Music Video
2576			0.0	es malo lo malo es de un te te el
2579			0.0	person impossibly never sleep person skin pale white red hot person
2580	sisters	lunch	0.0	lunch lunch way tot
2581	NewB	UB	0.0	last night When I say God BUILDING
2583			0.0	approach Just Party class For inspiration see latest post
2586			0.0	met
2587			0.0	attack He love eye
2589			0.0	de
2590			0.0	D
2591			0.0	Am already
2592			0.0	si
2593			122.0	No school Yeah I cheat test listening
2594			907.0	te de lo de u
2595			248.0	e um
2596			0.0	alive
2597			0.0	There sacredness They r mark weakness power They overwhelming grief
2598			0.0	null
2599			26.0	NA E DE SACO DE
2600			1.0	dont hope get home put decent service
2605			3.0	Un de de Tommy
2607			0.0	hoy era vine al antes
2608			0.0	Quiz Em Harry Potter e Enigma Harry de se da
2610	almorsar		0.0	Ya q ya
2612			0.0	testa de
2613			0.0	No
2614			0.0	de em e q
2616			0.0	I girl get mascara mirror
2617			0.0	tu en crisis
2619			0.0	appreciate
2621			0.0	I legit busted laughing one I work thanks
2622			0.0	I video Flame Bowling Green Purple Anthem
2623			0.0	J la Week riches en l
2624			0.0	got fro like
2625			0.0	Oh bah non live
2626			1219.0	Jack Flash Dead Super High Tech
2627			1.0	la mi SOW
2628			0.0	Hey Em sissy needs take home
2629			16.0	I choosing ignore said
2630			254.0	al lo se ha en mi
2631			113.0	If cheat girl willing anything actually perfect girl
2632			2.0	I love tho
2633			0.0	Sen ya
2634			1.0	la se la
2636			0.0	My Wigger Bill On
2638			1.0	interesting Come see breaking dawn us next
2640	Virgos		72.0	keep calm collected lose
2646			0.0	There always one person school college get anyone
2647	LIGAMX		0.0	Se para en el en la tabla de individual de la
2648			0.0	Y al final mar un poco la
2649			0.0	The world cold bold men take action
2650	Chimarruts		0.0	eh e de de
2652	bütçeden30binşubatatamasıçıksın		0.0	bu de da
2653			0.0	live
2654			0.0	Ai
2655	teamfollow		0.0	Sum sum
2656			0.0	oh sick Feel better
2657			0.0	eu pro da
2658			0.0	pretty much said I ugly
2660			0.0	say money make act niggerish least rich
2661			0.0	mi
2662			0.0	Who Teen
2663			0.0	My daily new follower via
2664			0.0	Serious problem I remember hell I car last night
2665			0.0	Cutting hair short one best I made awhile
2666			0.0	Want season hurry
2667			0.0	rani
2668			0.0	If gum give know I hate
2669			0.0	si
2670			0.0	Thank follow
2672	TodoFãDeTVD		0.0	sabe Swift
2674			0.0	mum going get laid
2676			14.0	el al es de las de la de la
2678			15.0	x snapback dropping Fall
2679			1.0	Therefore LOT people gay marriage When start
2680			99.0	Summer bout winter
2681			3.0	Ich ich bin Land
2682			3.0	I need love
2683			1.0	Un en plus un bon
2684			1.0	Te yo ya
2686			0.0	Sore throat want go AWAY
2689			0.0	A e e anda e
2690			0.0	Just got phone sissy
2691			0.0	D still feature
2692			0.0	visto es el Earth las con flash
2693			0.0	I got
2694			0.0	B
2696			0.0	I twitter found
2697			0.0	l
2698			0.0	exactly
2700			0.0	A MAS NO TWITTER
2703			0.0	si
2705			0.0	Bet let ride Thinking road go kiss belly come right back
2708			0.0	The common purpose liturgical offer praise God nourish faith exhaust
2709	AlFin		0.0	Solo min mas Y mi D
2710			0.0	carte de elle Comment toi
2712			0.0	Cotton Silk Blend Blazer Loro
2713	Deus		0.0	eu em pro n agua n na ai ai q
2714			0.0	I late
2715			318.0	La fe
2716			29.0	E ae galera Restart Shop da choose de
2717	rt		12.0	ti e se io c
2718			2604.0	Soy tu la mil para bat
2719	Noticiales		112.0	son las en te las
2720			1.0	I hate girl I death I feel like I going puke
2721			1.0	han echo best teem Me
2722			2.0	Imagine someone looking right eye saying I love I would melt
2723	xmascountdown		0.0	hot Ask
2724	Noticiales		160.0	son las en te las
2725	Noticiales		160.0	son las en te las
2731			0.0	bonito
2732			0.0	manger
2734			0.0	All ever game
2735			0.0	Even though laughing gas quite trip
2736			0.0	I idea say
2739			0.0	hope ur x
2741			0.0	Suber ass sit
2743	neversaynever		0.0	u
2744			0.0	SOW
2746			0.0	Para lo total
2747			0.0	battery
2748			0.0	Si bien Tweet de la
2750			0.0	es genial es lo de el
2752			0.0	unfollowed today checked via
2753			0.0	I Hate Wen People Act Like Someone There Not Be You
2754			0.0	The best sur
2755			0.0	J ai
2756			0.0	eu mae se e mim
2757			31.0	It attitude way I
2758			0.0	incredible woman around You speak truth brother
2759			34.0	The poor currently depressing team
2760			0.0	Giving blood saving like real
2764			0.0	He needs mines I leave
2766			0.0	Holy Holy Holy Lord God Almighty
2767			0.0	tan soy
2769			0.0	mend broken heart might miss everything said
2770			0.0	Bitch u crazy
2771			0.0	I see
2772			0.0	Para
2774			0.0	Your jungle fever got rolling
2775			0.0	always next time
2776			0.0	cuss nose God forbid child big nose Love lots Ash wish best x
2777	neverending		0.0	I wish I mind set never comes
2778			0.0	un huh Follow She need
2779			0.0	de la
2780			0.0	te vas P
2783			0.0	el es de ya se
2784	منير		0.0	best best
2785			0.0	dying
2787			57.0	Just landed let celebrate tonight
2788			0.0	beni D
2789			0.0	dig took whole new meaning last
2791			0.0	ora antes n
2792			159.0	em e ser
2793	aids		0.0	city en
2794			4.0	ilk son rating bin
2795			1.0	maru
2796			149.0	Question Bacon Liquor Answer Bacon Liquor Liquor Bacon
2798			0.0	Laying ASS
2802	Cuddle	unfuckwitable	0.0	Cuddle wit winter I ya summer n via
2805			0.0	Ultra fatigue
2806			0.0	de message de la
2807			0.0	Se lo pa
2808			0.0	NO Me Te da en la de
2810			0.0	D NO
2811			0.0	Justice soon
2812			0.0	I want
2813			0.0	Am cold
2814			0.0	mal da
2815			0.0	gool
2816			0.0	Ya D si
2817			0.0	tau x
2819			0.0	I guess growing
2820	Dua		0.0	We Aim Strive become better May keep Us Strong
2821	music	metal	0.0	Video Pliable Foe music metal doom sludge
2822			0.0	go watch ye
2824			0.0	morgen man sorry man
2826			0.0	crazy
2827			0.0	de
2828			0.0	What day
2829			0.0	maybe thats none wag
2830			0.0	donee
2832	WEF		6.0	The water challenge
2833	nowplaying	trend	4256.0	Rory Lewis Band So Ugh LA We Born How We Born trend
2834			1.0	Government Sewn Shut Prison Self mutilation hunger striking raising h
2835			2.0	Super Storm Sandy Response Community
2837			1.0	Why ever give extra I thought make
2839	ilsorrisodikilla		1.0	nei
2840			29.0	de meio um coelho da
2841			1.0	Is true give good neck I never done life
2842			1.0	good luck handsome play heart tomorrow night Love
2843	DespiertaRiendo		236.0	Mi se llama Wi Fi se lo mi
2844	crazybitch		0.0	To girl singing biology homework library I education major I even
2846			4.0	cor de
2847			0.0	club
2849			0.0	Al en papa nog door
2850			0.0	Me lindo la de la de la lindo de O My Little Pony
2852			0.0	I know making everything class styling supposed done I give apply needs
2853			0.0	na legal
2854			0.0	j ai follow gens ta di si c bon
2855	oomf		0.0	smoke wit dont smoke
2856			0.0	wow
2857			0.0	Let leave em Topic closed good
2858			0.0	ni vas mover el piso
2859			0.0	Why name I like instant Smash I This stuff rancid like
2860			0.0	super gay
2862			0.0	baby amor Te
2863			0.0	das better
2864			0.0	e ta
2865			0.0	Vive la ne
2866	PASPRETDUTOUT		0.0	la video qua balancer cest tout comparer Subliminal dit c en ATTENDANT
2868			0.0	k
2869			0.0	actually hate school probably start trying get along
2871			1.0	Just got phone aunt today I curious health insurance I got minute
2872			236.0	vei
2873			0.0	Murphy Used Date
2874			7.0	Agua de en la se panorama
2875			0.0	If getting ready work next video want someone new hit QUALITY WORK
2876			0.0	If I end town tonight I consider tragedy
2877			0.0	el lunes
2878			2.0	Y dice la la la yo tan
2880			4.0	resistance town ras al near border al
2885			0.0	said like whole ether trolling
2886			0.0	Get Ur Track Today At
2889			0.0	es de lo
2891			0.0	color
2895			0.0	Well said Concise always better
2896			0.0	social media plan These guide
2898			0.0	per che ti
2899			0.0	k
2900			0.0	You would I
2902			0.0	thing
2903			0.0	na dos
2904			0.0	Lo io mi male che
2905			0.0	I told already form said discuss tomorrow When appointment
2907			0.0	wat
2908			0.0	na camera amor
2909			0.0	Obviously What else would P
2910			0.0	bitch use somebody else phone I got job u
2911			0.0	check
2912			0.0	eu mas eu
2913			0.0	starosta Si vas en ROSARIO el
2914			0.0	also love
2916			0.0	I Millionaire Bay Group D
2917			0.0	Jordan Raging Bull Inspired Sticker Laced Loosely
2918	TeamFollowBack	500ADAY	6.0	IF YOU Want ADAY ADAY
2919			0.0	thank
2920			1.0	via
2921			1537.0	Me I going rest Me Wakes th
2922			1.0	Non l quei due di
2923			6.0	year seem fetish looking floor
2924	hoesbactinup		0.0	seriously like true
2925	TranceFamily	ASOT	1.0	feat Ana Breathe Life In
2927			0.0	The th
2928			1.0	yo las mas
